id_contrato,correcao_monetaria,data_base_report,projeto,data_emissao,dias_atraso,valor_atraso,saldo_devedor,saldo_nominal,duration,desagio,vpl,pricing,valor_pago,valor_imovel,ltv,renda_familiar,faixa_renda,faixa_mcmv,score,faixa_score,rating_liquid,taxa_contrato,plano,prazo_decorrido,prazo_remanescente,valor_over_90,faixa_atraso_1,faixa_atraso_2,pdd_minimo_bacen,pdd_liquid,restricoes,faixa_remanescente,limite_simulacao,prosoluto_simulacao,prosoluto_cnpj,prosoluto_sem_informacao,valor_pefin,valor_refin,valor_protesto,quantidade_pefin,quantidade_refin,quantidade_protesto,faixa_ltv,ltv_banco,ltv_banco_stress,unidade,proponent_type,nome_cliente,prob,inicio_monitor,ultima_parcela,private_area,date_serasa,renda_suficiente,delta_renda_baixo,delta_renda_medio,delta_renda_alto,prosoluto_total,faixa_ltv_banco,faixa_ltv_stress,tipo_restricao,faixa_restricao,Elegibilidade,delta_pdd,grupos_repasse,categoria_inadimplencia,perfil_cobranca,documento,primeira_parcela,taxa_pricing,Status_contrato,Categoria_venda
gal-13-13-66,,2025-12-31,VIVA PARK,2025-03-29,,,,,,,,,,387220.0,,,,,,,,,,,,,,,,,,,,,,,,,,,,,,,,,,,,,,,,,,,,,,,,,,,,,,,,,Distrato,Financiamento
gal-13-13-134,,2025-12-31,VIVA PARK,2025-03-31,,,,,,,,,,421515.0,,,,,,,,,,,,,,,,,,,,,,,,,,,,,,,,,,,,,,,,,,,,,,,,,,,,,,,,,Distrato,Financiamento
gal-13-13-33,,2025-12-31,VIVA PARK,2024-03-04,,,,,,,,,,360784.25,,,,,,,,,,,,,,,,,,,,,,,,,,,,,,,,,,,,,,,,,,,,,,,,,,,,,,,,,Distrato,Financiamento
gal-13-13-143,,2025-12-31,VIVA PARK,2023-11-11,,,,,,,,,,342000.0,,,,,,,,,,,,,,,,,,,,,,,,,,,,,,,,,,,,,,,,,,,,,,,,,,,,,,,,,Quitado,Financiamento
gal-13-13-42,,2025-12-31,VIVA PARK,2024-06-30,,,,,,,,,,357437.5,,,,,,,,,,,,,,,,,,,,,,,,,,,,,,,,,,,,,,,,,,,,,,,,,,,,,,,,,Distrato,Financiamento
gal-13-13-68,,2025-12-31,VIVA PARK,2023-11-23,,,,,,,,,,319401.4,,,,,,,,,,,,,,,,,,,,,,,,,,,,,,,,,,,,,,,,,,,,,,,,,,,,,,,,,Distrato,Financiamento
gal-13-13-93,,2025-12-31,VIVA PARK,2024-07-26,,,,,,,,,,386521.25,,,,,,,,,,,,,,,,,,,,,,,,,,,,,,,,,,,,,,,,,,,,,,,,,,,,,,,,,Distrato,Financiamento
gal-13-13-152,INCC,2025-12-31,VIVA PARK,2025-01-31,0,0.0,214045.90000000005,214045.90000000002,0.54881714752666477,-0.00048000000000003595,214045.90000000005,213943.15796800004,197097.6,391400.0,0.54687250894225869,12550.0,10. Acima de R$ 10k,Desenquadra > 8k,649.0,601-700,B,0.0,36,11.133333333333333,26.2,0.0,00. Sem atraso,00. Sem atraso,0.0,3274.9022700000005,0.0,02. 25 a 36 meses,214046.0,0.0,0.0,0.0,0.0,0.0,0.0,0.0,0.0,0.0,05. 50% a 60%,0.52061117347106312,0.5784568594122923,152,PF,ABNER FEIJO,0.0153,2025-02-28,2028-02-25,55.1,2025-11-25,1,0,0,0,0.0,5. 50% a 60%,5. 50% a 60%,Sem restrição,Sem restrição,1. Carteira elegível -> A e B,3274.9022700000005,G1,ADIMPLENTE,4. CR > 30% e Sem restrição,31896279830,2025-02-05,,Ativo,Financiamento
gal-13-13-107,INCC,2025-12-31,VIVA PARK,2024-12-10,0,0.0,250920.56,250920.56,0.87163307670850987,-0.00048000000000003595,250920.56,250800.1181312,125645.93,361000.0,0.69507080332409976,20700.0,10. Acima de R$ 10k,Desenquadra > 8k,754.0,701-800,B,0.0,40,12.866666666666667,25.166666666666668,0.0,00. Sem atraso,00. Sem atraso,0.0,3839.0845679999998,0.0,02. 25 a 36 meses,250921.0,0.0,0.0,0.0,0.0,0.0,0.0,0.0,0.0,0.0,06. 60% a 70%,0.66633799518379877,0.74037555020422074,107,PF,HELIO DA SILVA GAMA,0.0153,2025-01-31,2028-01-25,55.1,2025-11-25,1,0,0,0,0.0,6. 60% a 70%,7. 70% a 80%,Sem restrição,Sem restrição,1. Carteira elegível -> A e B,3839.0845679999998,G1,ADIMPLENTE,4. CR > 30% e Sem restrição,2877208885,2024-12-30,,Ativo,Financiamento
gal-13-13-72,INCC,2025-12-31,VIVA PARK,2024-07-24,0,0.0,114994.88999999998,114994.88999999998,0.48650986796022011,-0.00048000000000003595,114994.88999999998,114939.69245279998,259830.21000000002,354350.0,0.32452346550021161,13600.0,10. Acima de R$ 10k,Desenquadra > 8k,650.0,601-700,B,0.0,39,17.5,20.066666666666666,0.0,00. Sem atraso,00. Sem atraso,0.0,1759.4218169999997,0.0,01. 13 a 24 meses,114995.0,0.0,0.0,0.0,0.0,0.0,0.0,0.0,0.0,0.0,03. 30% a 40%,0.306796129714899,0.34088458857211,72,PF,CLAUDINEI BROGLIATO,0.0153,2024-07-31,2027-08-25,55.1,2025-11-25,1,0,0,0,0.0,3. 30% a 40%,3. 30% a 40%,Sem restrição,Sem restrição,1. Carteira elegível -> A e B,1759.4218169999997,G1,ADIMPLENTE,4. CR > 30% e Sem restrição,89615492868,2024-08-05,,Ativo,Financiamento