Nome do campo,Tipo,Modo,Descrição,Chave,Compilação,Valor padrão,Tags de políticas,Políticas de dados
faixa_mcmv,STRING,NULLABLE,-,-,-,-,-,-
score,FLOAT,NULLABLE,-,-,-,-,-,-
faixa_score,STRING,NULLABLE,-,-,-,-,-,-
rating_liquid,STRING,NULLABLE,-,-,-,-,-,-
taxa_contrato,FLOAT,NULLABLE,-,-,-,-,-,-
plano,INTEGER,NULLABLE,-,-,-,-,-,-
prazo_decorrido,FLOAT,NULLABLE,-,-,-,-,-,-
prazo_remanescente,FLOAT,NULLABLE,-,-,-,-,-,-
valor_over_90,FLOAT,NULLABLE,-,-,-,-,-,-
faixa_atraso_1,STRING,NULLABLE,-,-,-,-,-,-
faixa_atraso_2,STRING,NULLABLE,-,-,-,-,-,-
pdd_minimo_bacen,FLOAT,NULLABLE,-,-,-,-,-,-
pdd_liquid,FLOAT,NULLABLE,-,-,-,-,-,-
restricoes,FLOAT,NULLABLE,-,-,-,-,-,-
faixa_remanescente,STRING,NULLABLE,-,-,-,-,-,-
limite_simulacao,FLOAT,NULLABLE,-,-,-,-,-,-
prosoluto_simulacao,FLOAT,NULLABLE,-,-,-,-,-,-
prosoluto_cnpj,FLOAT,NULLABLE,-,-,-,-,-,-
prosoluto_sem_informacao,FLOAT,NULLABLE,-,-,-,-,-,-
valor_pefin,FLOAT,NULLABLE,-,-,-,-,-,-
valor_refin,FLOAT,NULLABLE,-,-,-,-,-,-
valor_protesto,FLOAT,NULLABLE,-,-,-,-,-,-
quantidade_pefin,FLOAT,NULLABLE,-,-,-,-,-,-
quantidade_refin,FLOAT,NULLABLE,-,-,-,-,-,-
quantidade_protesto,FLOAT,NULLABLE,-,-,-,-,-,-
faixa_ltv,STRING,NULLABLE,-,-,-,-,-,-
ltv_banco,FLOAT,NULLABLE,-,-,-,-,-,-
ltv_banco_stress,FLOAT,NULLABLE,-,-,-,-,-,-
unidade,INTEGER,NULLABLE,-,-,-,-,-,-
proponent_type,STRING,NULLABLE,-,-,-,-,-,-
nome_cliente,STRING,NULLABLE,-,-,-,-,-,-
prob,FLOAT,NULLABLE,-,-,-,-,-,-
inicio_monitor,DATE,NULLABLE,-,-,-,-,-,-
ultima_parcela,DATE,NULLABLE,-,-,-,-,-,-
private_area,FLOAT,NULLABLE,-,-,-,-,-,-
date_serasa,DATE,NULLABLE,-,-,-,-,-,-
renda_suficiente,INTEGER,NULLABLE,-,-,-,-,-,-
delta_renda_baixo,INTEGER,NULLABLE,-,-,-,-,-,-
delta_renda_medio,INTEGER,NULLABLE,-,-,-,-,-,-
delta_renda_alto,INTEGER,NULLABLE,-,-,-,-,-,-
prosoluto_total,FLOAT,NULLABLE,-,-,-,-,-,-
faixa_ltv_banco,STRING,NULLABLE,-,-,-,-,-,-
faixa_ltv_stress,STRING,NULLABLE,-,-,-,-,-,-
tipo_restricao,STRING,NULLABLE,-,-,-,-,-,-
faixa_restricao,STRING,NULLABLE,-,-,-,-,-,-
Elegibilidade,STRING,NULLABLE,-,-,-,-,-,-
delta_pdd,FLOAT,NULLABLE,-,-,-,-,-,-
grupos_repasse,STRING,NULLABLE,-,-,-,-,-,-
categoria_inadimplencia,STRING,NULLABLE,-,-,-,-,-,-
perfil_cobranca,STRING,NULLABLE,-,-,-,-,-,-
documento,INTEGER,NULLABLE,-,-,-,-,-,-
primeira_parcela,DATE,NULLABLE,-,-,-,-,-,-
taxa_pricing,STRING,NULLABLE,-,-,-,-,-,-
Status_contrato,STRING,NULLABLE,-,-,-,-,-,-
Categoria_venda,STRING,NULLABLE,-,-,-,-,-,-