projeto,data_base_report,id_contrato,empresa,data_base_fluxo,fluxo_contratado,fluxo_esperado,tipo_recebivel
VIVA PARK,2024-07-31,gal-13-13-27,gallipar,2024-11-30,0.0,0.0,Pré-chaves
VIVA PARK,2024-07-31,gal-13-13-27,gallipar,2025-03-31,0.0,0.0,Pré-chaves
VIVA PARK,2024-07-31,gal-13-13-27,gallipar,2025-04-30,0.0,0.0,Pré-chaves
VIVA PARK,2024-07-31,gal-13-13-27,gallipar,2025-05-31,0.0,0.0,Pré-chaves
VIVA PARK,2024-07-31,gal-13-13-27,gallipar,2025-06-30,0.0,0.0,Pré-chaves
VIVA PARK,2024-07-31,gal-13-13-27,gallipar,2025-07-31,0.0,0.0,Pré-chaves
VIVA PARK,2024-07-31,gal-13-13-27,gallipar,2025-08-31,0.0,0.0,Pré-chaves
VIVA PARK,2024-07-31,gal-13-13-27,gallipar,2025-09-30,0.0,0.0,Pré-chaves
VIVA PARK,2024-07-31,gal-13-13-27,gallipar,2025-10-31,0.0,0.0,Pré-chaves
VIVA PARK,2024-07-31,gal-13-13-27,gallipar,2025-11-30,0.0,0.0,Pré-chaves