data_base_report,projeto,id_contrato,valor_pago,tipo_recebimento
2025-04-30,VIVA PARK,gal-13-13-102,542.38,Vencimento na referência
2025-04-30,VIVA PARK,gal-13-13-103,25790.96,Vencimento na referência
2025-04-30,VIVA PARK,gal-13-13-104,2142.38,Vencimento na referência
2025-04-30,VIVA PARK,gal-13-13-107,2821.28,Vencimento na referência
2025-04-30,VIVA PARK,gal-13-13-11,1613.06,Vencimento na referência
2025-04-30,VIVA PARK,gal-13-13-112,763.05,Vencimento na referência
2025-04-30,VIVA PARK,gal-13-13-113,3543.17,Vencimento na referência
2025-04-30,VIVA PARK,gal-13-13-12,1214.8,Vencimento na referência
2025-04-30,VIVA PARK,gal-13-13-121,1627.14,Vencimento na referência
2025-04-30,VIVA PARK,gal-13-13-122,1506.0,Vencimento na referência